<?xml version="1.0" encoding="UTF-8"?>
<project-private xmlns="http://www.netbeans.org/ns/project-private/1">
    <editor-bookmarks xmlns="http://www.netbeans.org/ns/editor-bookmarks/2" lastBookmarkId="0"/>
    <open-files xmlns="http://www.netbeans.org/ns/projectui-open-files/2">
        <group>
            <file>file:/D:/downloads/Compilador/Compilador/src/lexicosintactico/0blank.txt</file>
            <file>file:/D:/downloads/Compilador/Compilador/src/lexicosintactico/Ventana.java</file>
            <file>file:/D:/downloads/Compilador/Compilador/src/lexicosintactico/1SemanticoOk.txt</file>
            <file>file:/D:/downloads/Compilador/Compilador/src/lexicosintactico/Area%20de%20Triangulo.txt</file>
            <file>file:/D:/downloads/Compilador/Compilador/src/lexicosintactico/Instrctivo.java</file>
            <file>file:/D:/downloads/Compilador/Compilador/src/lexicosintactico/2SemanticoError.txt</file>
            <file>file:/D:/downloads/Compilador/Compilador/src/lexicosintactico/3SemanticoError_1.txt</file>
        </group>
    </open-files>
</project-private>
